citation_id,title,authors,year,journal,doi,pmid,pmcid,url,role_in_paper,supported_claim_or_method,classification
modern_resource,The ModERN Resource: Genome-Wide Binding Profiles for Hundreds of Drosophila and Caenorhabditis elegans Transcription Factors,"Kudron MM et al.",2018,Genetics,10.1534/genetics.117.300657,29284660,PMC5844342,https://pmc.ncbi.nlm.nih.gov/articles/PMC5844342/,narrow-study provenance,"ceh-27 experiment provenance and modERN resource methods",resource
guo_h3k9me2,Enrichment of H3K9me2 on Unsynapsed Chromatin in Caenorhabditis elegans Does Not Target de Novo Sites,Guo Y et al.,2015,G3,10.1534/g3.115.019828,26156747,PMC4555223,https://pubmed.ncbi.nlm.nih.gov/26156747/,broad-study provenance,"GSE67028 fer-1 H3K9me2 experiment provenance",primary
encode_guidelines,ChIP-seq guidelines and practices of the ENCODE and modENCODE consortia,Landt SG et al.,2012,Genome Research,10.1101/gr.136184.111,22955991,PMC3431496,https://pmc.ncbi.nlm.nih.gov/articles/PMC3431496/,experimental design,"matched input controls and ChIP-seq quality guidance",guideline
depth_impact,Impact of sequencing depth in ChIP-seq experiments,Jung YL et al.,2014,Nucleic Acids Research,10.1093/nar/gku178,24598259,PMC4027199,https://pmc.ncbi.nlm.nih.gov/articles/PMC4027199/,study motivation,"sequencing depth changes ChIP-seq peak recovery and stability",primary
fidelity_evaluation,Systematic evaluation of factors influencing ChIP-seq fidelity,Chen Y et al.,2012,Nature Methods,10.1038/nmeth.1985,22491853,PMC3477507,https://pmc.ncbi.nlm.nih.gov/articles/PMC3477507/,study motivation,"library quality and technical factors influence ChIP-seq fidelity",primary
macs,Model-based Analysis of ChIP-Seq (MACS),Zhang Y et al.,2008,Genome Biology,10.1186/gb-2008-9-9-r137,18798982,PMC2592715,https://genomebiology.biomedcentral.com/articles/10.1186/gb-2008-9-9-r137,peak calling,"MACS peak-calling method",method
bowtie2,Fast gapped-read alignment with Bowtie 2,Langmead B and Salzberg SL,2012,Nature Methods,10.1038/nmeth.1923,22388286,PMC3322381,https://pmc.ncbi.nlm.nih.gov/articles/PMC3322381/,alignment,"Bowtie2 alignment method",method
samtools,The Sequence Alignment/Map format and SAMtools,Li H et al.,2009,Bioinformatics,10.1093/bioinformatics/btp352,19505943,PMC2723002,https://pmc.ncbi.nlm.nih.gov/articles/PMC2723002/,alignment processing,"SAM/BAM processing method",method
wormbase_resource,WormBase: a modern Model Organism Information Resource,Harris TW et al.,2020,Nucleic Acids Research,10.1093/nar/gkz920,31642470,PMC7145598,https://pmc.ncbi.nlm.nih.gov/articles/PMC7145598/,genomic-context annotation,"ce11 gene annotation provenance and genomic-context interpretation",resource
