run_id,total_called,total_planted,tp_called,tp_planted,precision,recall,f1,id_ctrl,id_treat,genome,acc_key,gc_key,fragment_length,read_length,nb_k,aligner,peakcaller,macs2_mode,tf_exp,seed,tf_seed,map_seed,gc_exp,acc_exp,map_coverage_pct,map_sigma,map_enrich,map_exp,use_control,coverage_ctrl,coverage_treat,tf_peak_count_ctrl,tf_peak_count_treat,tf_sigma,tf_enrich
0001,3,30,3,3,1.0,0.1,0.18181818181818182,0001_con,0001_treat,ce11_1pct,bedA,gcA,150,38,1000000,bowtie2,macs2,broad,1.0,11,11,11,0.6,0.5,0,1.5,10,1.0,True,0.5,5,0,5,20,1000
0002,27,30,26,27,0.9629629629629629,0.9,0.930417495029821,0002_con,0002_treat,ce11_1pct,bedA,gcA,150,38,1000000,bowtie2,macs2,broad,1.0,11,11,11,0.6,0.5,0,1.5,10,1.0,True,0.5,5,0,5,20,2500
0003,17,30,16,17,0.9411764705882353,0.5666666666666667,0.7074122236671001,0003_con,0003_treat,ce11_1pct,bedA,gcA,150,38,1000000,bowtie2,macs2,broad,1.0,11,11,11,0.6,0.5,0,1.5,10,1.0,True,1.0,5,0,5,20,1000
0004,28,30,28,29,1.0,0.9666666666666667,0.983050847457627,0004_con,0004_treat,ce11_1pct,bedA,gcA,150,38,1000000,bowtie2,macs2,broad,1.0,11,11,11,0.6,0.5,0,1.5,10,1.0,True,1.0,5,0,5,20,2500
0005,34,30,26,27,0.7647058823529411,0.9,0.8268551236749118,0005_con,0005_treat,ce11_1pct,bedA,gcA,150,38,1000000,bowtie2,macs2,broad,1.0,11,11,11,0.6,0.5,0,1.5,10,1.0,True,2.0,5,0,5,20,1000
0006,33,30,28,30,0.8484848484848485,1.0,0.9180327868852458,0006_con,0006_treat,ce11_1pct,bedA,gcA,150,38,1000000,bowtie2,macs2,broad,1.0,11,11,11,0.6,0.5,0,1.5,10,1.0,True,2.0,5,0,5,20,2500
0007,60,30,27,28,0.45,0.9333333333333333,0.6072289156626507,0007_con,0007_treat,ce11_1pct,bedA,gcA,150,38,1000000,bowtie2,macs2,broad,1.0,11,11,11,0.6,0.5,0,1.5,10,1.0,True,4.0,5,0,5,20,1000
0008,49,30,28,30,0.5714285714285714,1.0,0.7272727272727273,0008_con,0008_treat,ce11_1pct,bedA,gcA,150,38,1000000,bowtie2,macs2,broad,1.0,11,11,11,0.6,0.5,0,1.5,10,1.0,True,4.0,5,0,5,20,2500
0009,60,30,27,28,0.45,0.9333333333333333,0.6072289156626507,0009_con,0009_treat,ce11_1pct,bedA,gcA,150,38,1000000,bowtie2,macs2,broad,1.0,11,11,11,0.6,0.5,0,1.5,10,1.0,True,8.0,5,0,5,20,1000
0010,49,30,28,30,0.5714285714285714,1.0,0.7272727272727273,0010_con,0010_treat,ce11_1pct,bedA,gcA,150,38,1000000,bowtie2,macs2,broad,1.0,11,11,11,0.6,0.5,0,1.5,10,1.0,True,8.0,5,0,5,20,2500
0011,60,30,27,28,0.45,0.9333333333333333,0.6072289156626507,0011_con,0011_treat,ce11_1pct,bedA,gcA,150,38,1000000,bowtie2,macs2,broad,1.0,11,11,11,0.6,0.5,0,1.5,10,1.0,True,12.0,5,0,5,20,1000
0012,49,30,28,30,0.5714285714285714,1.0,0.7272727272727273,0012_con,0012_treat,ce11_1pct,bedA,gcA,150,38,1000000,bowtie2,macs2,broad,1.0,11,11,11,0.6,0.5,0,1.5,10,1.0,True,12.0,5,0,5,20,2500
0013,60,30,27,28,0.45,0.9333333333333333,0.6072289156626507,0013_con,0013_treat,ce11_1pct,bedA,gcA,150,38,1000000,bowtie2,macs2,broad,1.0,11,11,11,0.6,0.5,0,1.5,10,1.0,True,16.0,5,0,5,20,1000
0014,49,30,28,30,0.5714285714285714,1.0,0.7272727272727273,0014_con,0014_treat,ce11_1pct,bedA,gcA,150,38,1000000,bowtie2,macs2,broad,1.0,11,11,11,0.6,0.5,0,1.5,10,1.0,True,16.0,5,0,5,20,2500
0015,60,30,27,28,0.45,0.9333333333333333,0.6072289156626507,0015_con,0015_treat,ce11_1pct,bedA,gcA,150,38,1000000,bowtie2,macs2,broad,1.0,11,11,11,0.6,0.5,0,1.5,10,1.0,True,24.0,5,0,5,20,1000
0016,49,30,28,30,0.5714285714285714,1.0,0.7272727272727273,0016_con,0016_treat,ce11_1pct,bedA,gcA,150,38,1000000,bowtie2,macs2,broad,1.0,11,11,11,0.6,0.5,0,1.5,10,1.0,True,24.0,5,0,5,20,2500
0017,3,30,2,2,0.6666666666666666,0.06666666666666667,0.1212121212121212,0017_con,0017_treat,ce11_1pct,bedA,gcA,150,38,1000000,bowtie2,macs2,broad,1.0,11,11,11,0.6,0.5,0,1.5,10,1.0,True,0.5,10,0,5,20,1000
0018,28,30,27,28,0.9642857142857143,0.9333333333333333,0.9485570890840653,0018_con,0018_treat,ce11_1pct,bedA,gcA,150,38,1000000,bowtie2,macs2,broad,1.0,11,11,11,0.6,0.5,0,1.5,10,1.0,True,0.5,10,0,5,20,2500
0019,19,30,18,18,0.9473684210526315,0.6,0.7346938775510204,0019_con,0019_treat,ce11_1pct,bedA,gcA,150,38,1000000,bowtie2,macs2,broad,1.0,11,11,11,0.6,0.5,0,1.5,10,1.0,True,1.0,10,0,5,20,1000
0020,29,30,28,29,0.9655172413793104,0.9666666666666667,0.9660916121356335,0020_con,0020_treat,ce11_1pct,bedA,gcA,150,38,1000000,bowtie2,macs2,broad,1.0,11,11,11,0.6,0.5,0,1.5,10,1.0,True,1.0,10,0,5,20,2500
0021,29,30,26,27,0.896551724137931,0.9,0.8982725527831095,0021_con,0021_treat,ce11_1pct,bedA,gcA,150,38,1000000,bowtie2,macs2,broad,1.0,11,11,11,0.6,0.5,0,1.5,10,1.0,True,2.0,10,0,5,20,1000
0022,31,30,29,30,0.9354838709677419,1.0,0.9666666666666666,0022_con,0022_treat,ce11_1pct,bedA,gcA,150,38,1000000,bowtie2,macs2,broad,1.0,11,11,11,0.6,0.5,0,1.5,10,1.0,True,2.0,10,0,5,20,2500
0023,63,30,28,29,0.4444444444444444,0.9666666666666667,0.6089238845144357,0023_con,0023_treat,ce11_1pct,bedA,gcA,150,38,1000000,bowtie2,macs2,broad,1.0,11,11,11,0.6,0.5,0,1.5,10,1.0,True,4.0,10,0,5,20,1000
0024,54,30,28,30,0.5185185185185185,1.0,0.6829268292682926,0024_con,0024_treat,ce11_1pct,bedA,gcA,150,38,1000000,bowtie2,macs2,broad,1.0,11,11,11,0.6,0.5,0,1.5,10,1.0,True,4.0,10,0,5,20,2500
0025,106,30,28,29,0.2641509433962264,0.9666666666666667,0.41492079713847724,0025_con,0025_treat,ce11_1pct,bedA,gcA,150,38,1000000,bowtie2,macs2,broad,1.0,11,11,11,0.6,0.5,0,1.5,10,1.0,True,8.0,10,0,5,20,1000
0026,90,30,28,30,0.3111111111111111,1.0,0.4745762711864407,0026_con,0026_treat,ce11_1pct,bedA,gcA,150,38,1000000,bowtie2,macs2,broad,1.0,11,11,11,0.6,0.5,0,1.5,10,1.0,True,8.0,10,0,5,20,2500
0027,106,30,28,29,0.2641509433962264,0.9666666666666667,0.41492079713847724,0027_con,0027_treat,ce11_1pct,bedA,gcA,150,38,1000000,bowtie2,macs2,broad,1.0,11,11,11,0.6,0.5,0,1.5,10,1.0,True,12.0,10,0,5,20,1000
0028,90,30,28,30,0.3111111111111111,1.0,0.4745762711864407,0028_con,0028_treat,ce11_1pct,bedA,gcA,150,38,1000000,bowtie2,macs2,broad,1.0,11,11,11,0.6,0.5,0,1.5,10,1.0,True,12.0,10,0,5,20,2500
0029,106,30,28,29,0.2641509433962264,0.9666666666666667,0.41492079713847724,0029_con,0029_treat,ce11_1pct,bedA,gcA,150,38,1000000,bowtie2,macs2,broad,1.0,11,11,11,0.6,0.5,0,1.5,10,1.0,True,16.0,10,0,5,20,1000
0030,90,30,28,30,0.3111111111111111,1.0,0.4745762711864407,0030_con,0030_treat,ce11_1pct,bedA,gcA,150,38,1000000,bowtie2,macs2,broad,1.0,11,11,11,0.6,0.5,0,1.5,10,1.0,True,16.0,10,0,5,20,2500
0031,106,30,28,29,0.2641509433962264,0.9666666666666667,0.41492079713847724,0031_con,0031_treat,ce11_1pct,bedA,gcA,150,38,1000000,bowtie2,macs2,broad,1.0,11,11,11,0.6,0.5,0,1.5,10,1.0,True,24.0,10,0,5,20,1000
0032,90,30,28,30,0.3111111111111111,1.0,0.4745762711864407,0032_con,0032_treat,ce11_1pct,bedA,gcA,150,38,1000000,bowtie2,macs2,broad,1.0,11,11,11,0.6,0.5,0,1.5,10,1.0,True,24.0,10,0,5,20,2500
0033,3,30,3,3,1.0,0.1,0.18181818181818182,0033_con,0033_treat,ce11_1pct,bedA,gcA,150,38,1000000,bowtie2,macs2,broad,1.0,11,11,11,0.6,0.5,0,1.5,10,1.0,True,0.5,20,0,5,20,1000
0034,27,30,27,28,1.0,0.9333333333333333,0.9655172413793104,0034_con,0034_treat,ce11_1pct,bedA,gcA,150,38,1000000,bowtie2,macs2,broad,1.0,11,11,11,0.6,0.5,0,1.5,10,1.0,True,0.5,20,0,5,20,2500
0035,19,30,17,17,0.8947368421052632,0.5666666666666667,0.6938775510204083,0035_con,0035_treat,ce11_1pct,bedA,gcA,150,38,1000000,bowtie2,macs2,broad,1.0,11,11,11,0.6,0.5,0,1.5,10,1.0,True,1.0,20,0,5,20,1000
0036,29,30,29,30,1.0,1.0,1.0,0036_con,0036_treat,ce11_1pct,bedA,gcA,150,38,1000000,bowtie2,macs2,broad,1.0,11,11,11,0.6,0.5,0,1.5,10,1.0,True,1.0,20,0,5,20,2500
0037,28,30,26,27,0.9285714285714286,0.9,0.9140625,0037_con,0037_treat,ce11_1pct,bedA,gcA,150,38,1000000,bowtie2,macs2,broad,1.0,11,11,11,0.6,0.5,0,1.5,10,1.0,True,2.0,20,0,5,20,1000
0038,31,30,29,30,0.9354838709677419,1.0,0.9666666666666666,0038_con,0038_treat,ce11_1pct,bedA,gcA,150,38,1000000,bowtie2,macs2,broad,1.0,11,11,11,0.6,0.5,0,1.5,10,1.0,True,2.0,20,0,5,20,2500
0039,37,30,28,29,0.7567567567567568,0.9666666666666667,0.8489283847360168,0039_con,0039_treat,ce11_1pct,bedA,gcA,150,38,1000000,bowtie2,macs2,broad,1.0,11,11,11,0.6,0.5,0,1.5,10,1.0,True,4.0,20,0,5,20,1000
0040,34,30,28,30,0.8235294117647058,1.0,0.9032258064516129,0040_con,0040_treat,ce11_1pct,bedA,gcA,150,38,1000000,bowtie2,macs2,broad,1.0,11,11,11,0.6,0.5,0,1.5,10,1.0,True,4.0,20,0,5,20,2500
0041,118,30,29,30,0.2457627118644068,1.0,0.3945578231292517,0041_con,0041_treat,ce11_1pct,bedA,gcA,150,38,1000000,bowtie2,macs2,broad,1.0,11,11,11,0.6,0.5,0,1.5,10,1.0,True,8.0,20,0,5,20,1000
0042,106,30,28,30,0.2641509433962264,1.0,0.41791044776119407,0042_con,0042_treat,ce11_1pct,bedA,gcA,150,38,1000000,bowtie2,macs2,broad,1.0,11,11,11,0.6,0.5,0,1.5,10,1.0,True,8.0,20,0,5,20,2500
0043,133,30,29,30,0.21804511278195488,1.0,0.35802469135802467,0043_con,0043_treat,ce11_1pct,bedA,gcA,150,38,1000000,bowtie2,macs2,broad,1.0,11,11,11,0.6,0.5,0,1.5,10,1.0,True,12.0,20,0,5,20,1000
0044,128,30,28,30,0.21875,1.0,0.358974358974359,0044_con,0044_treat,ce11_1pct,bedA,gcA,150,38,1000000,bowtie2,macs2,broad,1.0,11,11,11,0.6,0.5,0,1.5,10,1.0,True,12.0,20,0,5,20,2500
0045,133,30,29,30,0.21804511278195488,1.0,0.35802469135802467,0045_con,0045_treat,ce11_1pct,bedA,gcA,150,38,1000000,bowtie2,macs2,broad,1.0,11,11,11,0.6,0.5,0,1.5,10,1.0,True,16.0,20,0,5,20,1000
0046,128,30,28,30,0.21875,1.0,0.358974358974359,0046_con,0046_treat,ce11_1pct,bedA,gcA,150,38,1000000,bowtie2,macs2,broad,1.0,11,11,11,0.6,0.5,0,1.5,10,1.0,True,16.0,20,0,5,20,2500
0047,133,30,29,30,0.21804511278195488,1.0,0.35802469135802467,0047_con,0047_treat,ce11_1pct,bedA,gcA,150,38,1000000,bowtie2,macs2,broad,1.0,11,11,11,0.6,0.5,0,1.5,10,1.0,True,24.0,20,0,5,20,1000
0048,128,30,28,30,0.21875,1.0,0.358974358974359,0048_con,0048_treat,ce11_1pct,bedA,gcA,150,38,1000000,bowtie2,macs2,broad,1.0,11,11,11,0.6,0.5,0,1.5,10,1.0,True,24.0,20,0,5,20,2500
0049,2,30,1,1,0.5,0.03333333333333333,0.0625,0049_con,0049_treat,ce11_1pct,bedA,gcA,150,38,1000000,bowtie2,macs2,broad,1.0,23,23,23,0.6,0.5,0,1.5,10,1.0,True,0.5,5,0,5,20,1000
0050,26,30,24,25,0.9230769230769231,0.8333333333333334,0.8759124087591241,0050_con,0050_treat,ce11_1pct,bedA,gcA,150,38,1000000,bowtie2,macs2,broad,1.0,23,23,23,0.6,0.5,0,1.5,10,1.0,True,0.5,5,0,5,20,2500
0051,19,30,18,18,0.9473684210526315,0.6,0.7346938775510204,0051_con,0051_treat,ce11_1pct,bedA,gcA,150,38,1000000,bowtie2,macs2,broad,1.0,23,23,23,0.6,0.5,0,1.5,10,1.0,True,1.0,5,0,5,20,1000
0052,31,30,28,29,0.9032258064516129,0.9666666666666667,0.9338700402530189,0052_con,0052_treat,ce11_1pct,bedA,gcA,150,38,1000000,bowtie2,macs2,broad,1.0,23,23,23,0.6,0.5,0,1.5,10,1.0,True,1.0,5,0,5,20,2500
0053,28,30,21,22,0.75,0.7333333333333333,0.7415730337078651,0053_con,0053_treat,ce11_1pct,bedA,gcA,150,38,1000000,bowtie2,macs2,broad,1.0,23,23,23,0.6,0.5,0,1.5,10,1.0,True,2.0,5,0,5,20,1000
0054,35,30,29,30,0.8285714285714286,1.0,0.90625,0054_con,0054_treat,ce11_1pct,bedA,gcA,150,38,1000000,bowtie2,macs2,broad,1.0,23,23,23,0.6,0.5,0,1.5,10,1.0,True,2.0,5,0,5,20,2500
0055,68,30,28,29,0.4117647058823529,0.9666666666666667,0.577524893314367,0055_con,0055_treat,ce11_1pct,bedA,gcA,150,38,1000000,bowtie2,macs2,broad,1.0,23,23,23,0.6,0.5,0,1.5,10,1.0,True,4.0,5,0,5,20,1000
0056,60,30,29,30,0.48333333333333334,1.0,0.6516853932584269,0056_con,0056_treat,ce11_1pct,bedA,gcA,150,38,1000000,bowtie2,macs2,broad,1.0,23,23,23,0.6,0.5,0,1.5,10,1.0,True,4.0,5,0,5,20,2500
0057,68,30,28,29,0.4117647058823529,0.9666666666666667,0.577524893314367,0057_con,0057_treat,ce11_1pct,bedA,gcA,150,38,1000000,bowtie2,macs2,broad,1.0,23,23,23,0.6,0.5,0,1.5,10,1.0,True,8.0,5,0,5,20,1000
0058,60,30,29,30,0.48333333333333334,1.0,0.6516853932584269,0058_con,0058_treat,ce11_1pct,bedA,gcA,150,38,1000000,bowtie2,macs2,broad,1.0,23,23,23,0.6,0.5,0,1.5,10,1.0,True,8.0,5,0,5,20,2500
0059,68,30,28,29,0.4117647058823529,0.9666666666666667,0.577524893314367,0059_con,0059_treat,ce11_1pct,bedA,gcA,150,38,1000000,bowtie2,macs2,broad,1.0,23,23,23,0.6,0.5,0,1.5,10,1.0,True,12.0,5,0,5,20,1000
0060,60,30,29,30,0.48333333333333334,1.0,0.6516853932584269,0060_con,0060_treat,ce11_1pct,bedA,gcA,150,38,1000000,bowtie2,macs2,broad,1.0,23,23,23,0.6,0.5,0,1.5,10,1.0,True,12.0,5,0,5,20,2500
0061,68,30,28,29,0.4117647058823529,0.9666666666666667,0.577524893314367,0061_con,0061_treat,ce11_1pct,bedA,gcA,150,38,1000000,bowtie2,macs2,broad,1.0,23,23,23,0.6,0.5,0,1.5,10,1.0,True,16.0,5,0,5,20,1000
0062,60,30,29,30,0.48333333333333334,1.0,0.6516853932584269,0062_con,0062_treat,ce11_1pct,bedA,gcA,150,38,1000000,bowtie2,macs2,broad,1.0,23,23,23,0.6,0.5,0,1.5,10,1.0,True,16.0,5,0,5,20,2500
0063,68,30,28,29,0.4117647058823529,0.9666666666666667,0.577524893314367,0063_con,0063_treat,ce11_1pct,bedA,gcA,150,38,1000000,bowtie2,macs2,broad,1.0,23,23,23,0.6,0.5,0,1.5,10,1.0,True,24.0,5,0,5,20,1000
0064,60,30,29,30,0.48333333333333334,1.0,0.6516853932584269,0064_con,0064_treat,ce11_1pct,bedA,gcA,150,38,1000000,bowtie2,macs2,broad,1.0,23,23,23,0.6,0.5,0,1.5,10,1.0,True,24.0,5,0,5,20,2500
0065,2,30,2,3,1.0,0.1,0.18181818181818182,0065_con,0065_treat,ce11_1pct,bedA,gcA,150,38,1000000,bowtie2,macs2,broad,1.0,23,23,23,0.6,0.5,0,1.5,10,1.0,True,0.5,10,0,5,20,1000
0066,25,30,23,24,0.92,0.8,0.8558139534883721,0066_con,0066_treat,ce11_1pct,bedA,gcA,150,38,1000000,bowtie2,macs2,broad,1.0,23,23,23,0.6,0.5,0,1.5,10,1.0,True,0.5,10,0,5,20,2500
0067,16,30,14,15,0.875,0.5,0.6363636363636364,0067_con,0067_treat,ce11_1pct,bedA,gcA,150,38,1000000,bowtie2,macs2,broad,1.0,23,23,23,0.6,0.5,0,1.5,10,1.0,True,1.0,10,0,5,20,1000
0068,31,30,28,29,0.9032258064516129,0.9666666666666667,0.9338700402530189,0068_con,0068_treat,ce11_1pct,bedA,gcA,150,38,1000000,bowtie2,macs2,broad,1.0,23,23,23,0.6,0.5,0,1.5,10,1.0,True,1.0,10,0,5,20,2500
0069,26,30,23,24,0.8846153846153846,0.8,0.8401826484018265,0069_con,0069_treat,ce11_1pct,bedA,gcA,150,38,1000000,bowtie2,macs2,broad,1.0,23,23,23,0.6,0.5,0,1.5,10,1.0,True,2.0,10,0,5,20,1000
0070,32,30,29,30,0.90625,1.0,0.9508196721311475,0070_con,0070_treat,ce11_1pct,bedA,gcA,150,38,1000000,bowtie2,macs2,broad,1.0,23,23,23,0.6,0.5,0,1.5,10,1.0,True,2.0,10,0,5,20,2500
0071,64,30,27,28,0.421875,0.9333333333333333,0.5810914681014604,0071_con,0071_treat,ce11_1pct,bedA,gcA,150,38,1000000,bowtie2,macs2,broad,1.0,23,23,23,0.6,0.5,0,1.5,10,1.0,True,4.0,10,0,5,20,1000
0072,51,30,29,30,0.5686274509803921,1.0,0.725,0072_con,0072_treat,ce11_1pct,bedA,gcA,150,38,1000000,bowtie2,macs2,broad,1.0,23,23,23,0.6,0.5,0,1.5,10,1.0,True,4.0,10,0,5,20,2500
0073,101,30,27,28,0.26732673267326734,0.9333333333333333,0.4156129741616273,0073_con,0073_treat,ce11_1pct,bedA,gcA,150,38,1000000,bowtie2,macs2,broad,1.0,23,23,23,0.6,0.5,0,1.5,10,1.0,True,8.0,10,0,5,20,1000
0074,80,30,29,30,0.3625,1.0,0.5321100917431192,0074_con,0074_treat,ce11_1pct,bedA,gcA,150,38,1000000,bowtie2,macs2,broad,1.0,23,23,23,0.6,0.5,0,1.5,10,1.0,True,8.0,10,0,5,20,2500
0075,101,30,27,28,0.26732673267326734,0.9333333333333333,0.4156129741616273,0075_con,0075_treat,ce11_1pct,bedA,gcA,150,38,1000000,bowtie2,macs2,broad,1.0,23,23,23,0.6,0.5,0,1.5,10,1.0,True,12.0,10,0,5,20,1000
0076,80,30,29,30,0.3625,1.0,0.5321100917431192,0076_con,0076_treat,ce11_1pct,bedA,gcA,150,38,1000000,bowtie2,macs2,broad,1.0,23,23,23,0.6,0.5,0,1.5,10,1.0,True,12.0,10,0,5,20,2500
0077,101,30,27,28,0.26732673267326734,0.9333333333333333,0.4156129741616273,0077_con,0077_treat,ce11_1pct,bedA,gcA,150,38,1000000,bowtie2,macs2,broad,1.0,23,23,23,0.6,0.5,0,1.5,10,1.0,True,16.0,10,0,5,20,1000
0078,80,30,29,30,0.3625,1.0,0.5321100917431192,0078_con,0078_treat,ce11_1pct,bedA,gcA,150,38,1000000,bowtie2,macs2,broad,1.0,23,23,23,0.6,0.5,0,1.5,10,1.0,True,16.0,10,0,5,20,2500
0079,101,30,27,28,0.26732673267326734,0.9333333333333333,0.4156129741616273,0079_con,0079_treat,ce11_1pct,bedA,gcA,150,38,1000000,bowtie2,macs2,broad,1.0,23,23,23,0.6,0.5,0,1.5,10,1.0,True,24.0,10,0,5,20,1000
0080,80,30,29,30,0.3625,1.0,0.5321100917431192,0080_con,0080_treat,ce11_1pct,bedA,gcA,150,38,1000000,bowtie2,macs2,broad,1.0,23,23,23,0.6,0.5,0,1.5,10,1.0,True,24.0,10,0,5,20,2500
0081,2,30,2,2,1.0,0.06666666666666667,0.125,0081_con,0081_treat,ce11_1pct,bedA,gcA,150,38,1000000,bowtie2,macs2,broad,1.0,23,23,23,0.6,0.5,0,1.5,10,1.0,True,0.5,20,0,5,20,1000
0082,26,30,24,25,0.9230769230769231,0.8333333333333334,0.8759124087591241,0082_con,0082_treat,ce11_1pct,bedA,gcA,150,38,1000000,bowtie2,macs2,broad,1.0,23,23,23,0.6,0.5,0,1.5,10,1.0,True,0.5,20,0,5,20,2500
0083,19,30,17,18,0.8947368421052632,0.6,0.7183098591549296,0083_con,0083_treat,ce11_1pct,bedA,gcA,150,38,1000000,bowtie2,macs2,broad,1.0,23,23,23,0.6,0.5,0,1.5,10,1.0,True,1.0,20,0,5,20,1000
0084,31,30,29,30,0.9354838709677419,1.0,0.9666666666666666,0084_con,0084_treat,ce11_1pct,bedA,gcA,150,38,1000000,bowtie2,macs2,broad,1.0,23,23,23,0.6,0.5,0,1.5,10,1.0,True,1.0,20,0,5,20,2500
0085,26,30,24,25,0.9230769230769231,0.8333333333333334,0.8759124087591241,0085_con,0085_treat,ce11_1pct,bedA,gcA,150,38,1000000,bowtie2,macs2,broad,1.0,23,23,23,0.6,0.5,0,1.5,10,1.0,True,2.0,20,0,5,20,1000
0086,31,30,29,30,0.9354838709677419,1.0,0.9666666666666666,0086_con,0086_treat,ce11_1pct,bedA,gcA,150,38,1000000,bowtie2,macs2,broad,1.0,23,23,23,0.6,0.5,0,1.5,10,1.0,True,2.0,20,0,5,20,2500
0087,41,30,29,30,0.7073170731707317,1.0,0.8285714285714285,0087_con,0087_treat,ce11_1pct,bedA,gcA,150,38,1000000,bowtie2,macs2,broad,1.0,23,23,23,0.6,0.5,0,1.5,10,1.0,True,4.0,20,0,5,20,1000
0088,39,30,29,30,0.7435897435897436,1.0,0.8529411764705882,0088_con,0088_treat,ce11_1pct,bedA,gcA,150,38,1000000,bowtie2,macs2,broad,1.0,23,23,23,0.6,0.5,0,1.5,10,1.0,True,4.0,20,0,5,20,2500
0089,114,30,29,30,0.2543859649122807,1.0,0.40559440559440557,0089_con,0089_treat,ce11_1pct,bedA,gcA,150,38,1000000,bowtie2,macs2,broad,1.0,23,23,23,0.6,0.5,0,1.5,10,1.0,True,8.0,20,0,5,20,1000
0090,112,30,29,30,0.25892857142857145,1.0,0.4113475177304965,0090_con,0090_treat,ce11_1pct,bedA,gcA,150,38,1000000,bowtie2,macs2,broad,1.0,23,23,23,0.6,0.5,0,1.5,10,1.0,True,8.0,20,0,5,20,2500
0091,147,30,29,30,0.19727891156462585,1.0,0.32954545454545453,0091_con,0091_treat,ce11_1pct,bedA,gcA,150,38,1000000,bowtie2,macs2,broad,1.0,23,23,23,0.6,0.5,0,1.5,10,1.0,True,12.0,20,0,5,20,1000
0092,128,30,29,30,0.2265625,1.0,0.36942675159235666,0092_con,0092_treat,ce11_1pct,bedA,gcA,150,38,1000000,bowtie2,macs2,broad,1.0,23,23,23,0.6,0.5,0,1.5,10,1.0,True,12.0,20,0,5,20,2500
0093,147,30,29,30,0.19727891156462585,1.0,0.32954545454545453,0093_con,0093_treat,ce11_1pct,bedA,gcA,150,38,1000000,bowtie2,macs2,broad,1.0,23,23,23,0.6,0.5,0,1.5,10,1.0,True,16.0,20,0,5,20,1000
0094,128,30,29,30,0.2265625,1.0,0.36942675159235666,0094_con,0094_treat,ce11_1pct,bedA,gcA,150,38,1000000,bowtie2,macs2,broad,1.0,23,23,23,0.6,0.5,0,1.5,10,1.0,True,16.0,20,0,5,20,2500
0095,147,30,29,30,0.19727891156462585,1.0,0.32954545454545453,0095_con,0095_treat,ce11_1pct,bedA,gcA,150,38,1000000,bowtie2,macs2,broad,1.0,23,23,23,0.6,0.5,0,1.5,10,1.0,True,24.0,20,0,5,20,1000
0096,128,30,29,30,0.2265625,1.0,0.36942675159235666,0096_con,0096_treat,ce11_1pct,bedA,gcA,150,38,1000000,bowtie2,macs2,broad,1.0,23,23,23,0.6,0.5,0,1.5,10,1.0,True,24.0,20,0,5,20,2500
0097,1,30,1,1,1.0,0.03333333333333333,0.06451612903225806,0097_con,0097_treat,ce11_1pct,bedA,gcA,150,38,1000000,bowtie2,macs2,broad,1.0,37,37,37,0.6,0.5,0,1.5,10,1.0,True,0.5,5,0,5,20,1000
0098,26,30,23,25,0.8846153846153846,0.8333333333333334,0.8582089552238806,0098_con,0098_treat,ce11_1pct,bedA,gcA,150,38,1000000,bowtie2,macs2,broad,1.0,37,37,37,0.6,0.5,0,1.5,10,1.0,True,0.5,5,0,5,20,2500
0099,12,30,12,13,1.0,0.43333333333333335,0.6046511627906976,0099_con,0099_treat,ce11_1pct,bedA,gcA,150,38,1000000,bowtie2,macs2,broad,1.0,37,37,37,0.6,0.5,0,1.5,10,1.0,True,1.0,5,0,5,20,1000
0100,32,30,27,29,0.84375,0.9666666666666667,0.9010356731875719,0100_con,0100_treat,ce11_1pct,bedA,gcA,150,38,1000000,bowtie2,macs2,broad,1.0,37,37,37,0.6,0.5,0,1.5,10,1.0,True,1.0,5,0,5,20,2500
0101,30,30,20,22,0.6666666666666666,0.7333333333333333,0.6984126984126984,0101_con,0101_treat,ce11_1pct,bedA,gcA,150,38,1000000,bowtie2,macs2,broad,1.0,37,37,37,0.6,0.5,0,1.5,10,1.0,True,2.0,5,0,5,20,1000
0102,36,30,28,30,0.7777777777777778,1.0,0.8750000000000001,0102_con,0102_treat,ce11_1pct,bedA,gcA,150,38,1000000,bowtie2,macs2,broad,1.0,37,37,37,0.6,0.5,0,1.5,10,1.0,True,2.0,5,0,5,20,2500
0103,61,30,25,27,0.4098360655737705,0.9,0.5632040050062578,0103_con,0103_treat,ce11_1pct,bedA,gcA,150,38,1000000,bowtie2,macs2,broad,1.0,37,37,37,0.6,0.5,0,1.5,10,1.0,True,4.0,5,0,5,20,1000
0104,58,30,28,30,0.4827586206896552,1.0,0.6511627906976745,0104_con,0104_treat,ce11_1pct,bedA,gcA,150,38,1000000,bowtie2,macs2,broad,1.0,37,37,37,0.6,0.5,0,1.5,10,1.0,True,4.0,5,0,5,20,2500
0105,61,30,25,27,0.4098360655737705,0.9,0.5632040050062578,0105_con,0105_treat,ce11_1pct,bedA,gcA,150,38,1000000,bowtie2,macs2,broad,1.0,37,37,37,0.6,0.5,0,1.5,10,1.0,True,8.0,5,0,5,20,1000
0106,58,30,28,30,0.4827586206896552,1.0,0.6511627906976745,0106_con,0106_treat,ce11_1pct,bedA,gcA,150,38,1000000,bowtie2,macs2,broad,1.0,37,37,37,0.6,0.5,0,1.5,10,1.0,True,8.0,5,0,5,20,2500
0107,61,30,25,27,0.4098360655737705,0.9,0.5632040050062578,0107_con,0107_treat,ce11_1pct,bedA,gcA,150,38,1000000,bowtie2,macs2,broad,1.0,37,37,37,0.6,0.5,0,1.5,10,1.0,True,12.0,5,0,5,20,1000
0108,58,30,28,30,0.4827586206896552,1.0,0.6511627906976745,0108_con,0108_treat,ce11_1pct,bedA,gcA,150,38,1000000,bowtie2,macs2,broad,1.0,37,37,37,0.6,0.5,0,1.5,10,1.0,True,12.0,5,0,5,20,2500
0109,61,30,25,27,0.4098360655737705,0.9,0.5632040050062578,0109_con,0109_treat,ce11_1pct,bedA,gcA,150,38,1000000,bowtie2,macs2,broad,1.0,37,37,37,0.6,0.5,0,1.5,10,1.0,True,16.0,5,0,5,20,1000
0110,58,30,28,30,0.4827586206896552,1.0,0.6511627906976745,0110_con,0110_treat,ce11_1pct,bedA,gcA,150,38,1000000,bowtie2,macs2,broad,1.0,37,37,37,0.6,0.5,0,1.5,10,1.0,True,16.0,5,0,5,20,2500
0111,61,30,25,27,0.4098360655737705,0.9,0.5632040050062578,0111_con,0111_treat,ce11_1pct,bedA,gcA,150,38,1000000,bowtie2,macs2,broad,1.0,37,37,37,0.6,0.5,0,1.5,10,1.0,True,24.0,5,0,5,20,1000
0112,58,30,28,30,0.4827586206896552,1.0,0.6511627906976745,0112_con,0112_treat,ce11_1pct,bedA,gcA,150,38,1000000,bowtie2,macs2,broad,1.0,37,37,37,0.6,0.5,0,1.5,10,1.0,True,24.0,5,0,5,20,2500
0113,1,30,1,1,1.0,0.03333333333333333,0.06451612903225806,0113_con,0113_treat,ce11_1pct,bedA,gcA,150,38,1000000,bowtie2,macs2,broad,1.0,37,37,37,0.6,0.5,0,1.5,10,1.0,True,0.5,10,0,5,20,1000
0114,27,30,24,26,0.8888888888888888,0.8666666666666667,0.8776371308016878,0114_con,0114_treat,ce11_1pct,bedA,gcA,150,38,1000000,bowtie2,macs2,broad,1.0,37,37,37,0.6,0.5,0,1.5,10,1.0,True,0.5,10,0,5,20,2500
0115,11,30,10,11,0.9090909090909091,0.36666666666666664,0.5225653206650831,0115_con,0115_treat,ce11_1pct,bedA,gcA,150,38,1000000,bowtie2,macs2,broad,1.0,37,37,37,0.6,0.5,0,1.5,10,1.0,True,1.0,10,0,5,20,1000
0116,32,30,28,30,0.875,1.0,0.9333333333333333,0116_con,0116_treat,ce11_1pct,bedA,gcA,150,38,1000000,bowtie2,macs2,broad,1.0,37,37,37,0.6,0.5,0,1.5,10,1.0,True,1.0,10,0,5,20,2500
0117,25,30,20,22,0.8,0.7333333333333333,0.7652173913043478,0117_con,0117_treat,ce11_1pct,bedA,gcA,150,38,1000000,bowtie2,macs2,broad,1.0,37,37,37,0.6,0.5,0,1.5,10,1.0,True,2.0,10,0,5,20,1000
0118,34,30,28,30,0.8235294117647058,1.0,0.9032258064516129,0118_con,0118_treat,ce11_1pct,bedA,gcA,150,38,1000000,bowtie2,macs2,broad,1.0,37,37,37,0.6,0.5,0,1.5,10,1.0,True,2.0,10,0,5,20,2500
0119,68,30,26,28,0.38235294117647056,0.9333333333333333,0.5424739195230999,0119_con,0119_treat,ce11_1pct,bedA,gcA,150,38,1000000,bowtie2,macs2,broad,1.0,37,37,37,0.6,0.5,0,1.5,10,1.0,True,4.0,10,0,5,20,1000
0120,56,30,28,30,0.5,1.0,0.6666666666666666,0120_con,0120_treat,ce11_1pct,bedA,gcA,150,38,1000000,bowtie2,macs2,broad,1.0,37,37,37,0.6,0.5,0,1.5,10,1.0,True,4.0,10,0,5,20,2500
0121,114,30,27,29,0.23684210526315788,0.9666666666666667,0.380466472303207,0121_con,0121_treat,ce11_1pct,bedA,gcA,150,38,1000000,bowtie2,macs2,broad,1.0,37,37,37,0.6,0.5,0,1.5,10,1.0,True,8.0,10,0,5,20,1000
0122,97,30,28,30,0.28865979381443296,1.0,0.448,0122_con,0122_treat,ce11_1pct,bedA,gcA,150,38,1000000,bowtie2,macs2,broad,1.0,37,37,37,0.6,0.5,0,1.5,10,1.0,True,8.0,10,0,5,20,2500
0123,114,30,27,29,0.23684210526315788,0.9666666666666667,0.380466472303207,0123_con,0123_treat,ce11_1pct,bedA,gcA,150,38,1000000,bowtie2,macs2,broad,1.0,37,37,37,0.6,0.5,0,1.5,10,1.0,True,12.0,10,0,5,20,1000
0124,97,30,28,30,0.28865979381443296,1.0,0.448,0124_con,0124_treat,ce11_1pct,bedA,gcA,150,38,1000000,bowtie2,macs2,broad,1.0,37,37,37,0.6,0.5,0,1.5,10,1.0,True,12.0,10,0,5,20,2500
0125,114,30,27,29,0.23684210526315788,0.9666666666666667,0.380466472303207,0125_con,0125_treat,ce11_1pct,bedA,gcA,150,38,1000000,bowtie2,macs2,broad,1.0,37,37,37,0.6,0.5,0,1.5,10,1.0,True,16.0,10,0,5,20,1000
0126,97,30,28,30,0.28865979381443296,1.0,0.448,0126_con,0126_treat,ce11_1pct,bedA,gcA,150,38,1000000,bowtie2,macs2,broad,1.0,37,37,37,0.6,0.5,0,1.5,10,1.0,True,16.0,10,0,5,20,2500
0127,114,30,27,29,0.23684210526315788,0.9666666666666667,0.380466472303207,0127_con,0127_treat,ce11_1pct,bedA,gcA,150,38,1000000,bowtie2,macs2,broad,1.0,37,37,37,0.6,0.5,0,1.5,10,1.0,True,24.0,10,0,5,20,1000
0128,97,30,28,30,0.28865979381443296,1.0,0.448,0128_con,0128_treat,ce11_1pct,bedA,gcA,150,38,1000000,bowtie2,macs2,broad,1.0,37,37,37,0.6,0.5,0,1.5,10,1.0,True,24.0,10,0,5,20,2500
0129,1,30,1,1,1.0,0.03333333333333333,0.06451612903225806,0129_con,0129_treat,ce11_1pct,bedA,gcA,150,38,1000000,bowtie2,macs2,broad,1.0,37,37,37,0.6,0.5,0,1.5,10,1.0,True,0.5,20,0,5,20,1000
0130,29,30,25,27,0.8620689655172413,0.9,0.8806262230919765,0130_con,0130_treat,ce11_1pct,bedA,gcA,150,38,1000000,bowtie2,macs2,broad,1.0,37,37,37,0.6,0.5,0,1.5,10,1.0,True,0.5,20,0,5,20,2500
0131,14,30,12,12,0.8571428571428571,0.4,0.5454545454545455,0131_con,0131_treat,ce11_1pct,bedA,gcA,150,38,1000000,bowtie2,macs2,broad,1.0,37,37,37,0.6,0.5,0,1.5,10,1.0,True,1.0,20,0,5,20,1000
0132,33,30,28,30,0.8484848484848485,1.0,0.9180327868852458,0132_con,0132_treat,ce11_1pct,bedA,gcA,150,38,1000000,bowtie2,macs2,broad,1.0,37,37,37,0.6,0.5,0,1.5,10,1.0,True,1.0,20,0,5,20,2500
0133,24,30,21,23,0.875,0.7666666666666667,0.8172588832487311,0133_con,0133_treat,ce11_1pct,bedA,gcA,150,38,1000000,bowtie2,macs2,broad,1.0,37,37,37,0.6,0.5,0,1.5,10,1.0,True,2.0,20,0,5,20,1000
0134,33,30,28,30,0.8484848484848485,1.0,0.9180327868852458,0134_con,0134_treat,ce11_1pct,bedA,gcA,150,38,1000000,bowtie2,macs2,broad,1.0,37,37,37,0.6,0.5,0,1.5,10,1.0,True,2.0,20,0,5,20,2500
0135,44,30,27,29,0.6136363636363636,0.9666666666666667,0.7507190795781399,0135_con,0135_treat,ce11_1pct,bedA,gcA,150,38,1000000,bowtie2,macs2,broad,1.0,37,37,37,0.6,0.5,0,1.5,10,1.0,True,4.0,20,0,5,20,1000
0136,41,30,28,30,0.6829268292682927,1.0,0.8115942028985507,0136_con,0136_treat,ce11_1pct,bedA,gcA,150,38,1000000,bowtie2,macs2,broad,1.0,37,37,37,0.6,0.5,0,1.5,10,1.0,True,4.0,20,0,5,20,2500
0137,121,30,28,30,0.23140495867768596,1.0,0.3758389261744966,0137_con,0137_treat,ce11_1pct,bedA,gcA,150,38,1000000,bowtie2,macs2,broad,1.0,37,37,37,0.6,0.5,0,1.5,10,1.0,True,8.0,20,0,5,20,1000
0138,105,30,28,30,0.26666666666666666,1.0,0.4210526315789474,0138_con,0138_treat,ce11_1pct,bedA,gcA,150,38,1000000,bowtie2,macs2,broad,1.0,37,37,37,0.6,0.5,0,1.5,10,1.0,True,8.0,20,0,5,20,2500
0139,145,30,28,30,0.19310344827586207,1.0,0.3236994219653179,0139_con,0139_treat,ce11_1pct,bedA,gcA,150,38,1000000,bowtie2,macs2,broad,1.0,37,37,37,0.6,0.5,0,1.5,10,1.0,True,12.0,20,0,5,20,1000
0140,124,30,28,30,0.22580645161290322,1.0,0.3684210526315789,0140_con,0140_treat,ce11_1pct,bedA,gcA,150,38,1000000,bowtie2,macs2,broad,1.0,37,37,37,0.6,0.5,0,1.5,10,1.0,True,12.0,20,0,5,20,2500
0141,145,30,28,30,0.19310344827586207,1.0,0.3236994219653179,0141_con,0141_treat,ce11_1pct,bedA,gcA,150,38,1000000,bowtie2,macs2,broad,1.0,37,37,37,0.6,0.5,0,1.5,10,1.0,True,16.0,20,0,5,20,1000
0142,124,30,28,30,0.22580645161290322,1.0,0.3684210526315789,0142_con,0142_treat,ce11_1pct,bedA,gcA,150,38,1000000,bowtie2,macs2,broad,1.0,37,37,37,0.6,0.5,0,1.5,10,1.0,True,16.0,20,0,5,20,2500
0143,145,30,28,30,0.19310344827586207,1.0,0.3236994219653179,0143_con,0143_treat,ce11_1pct,bedA,gcA,150,38,1000000,bowtie2,macs2,broad,1.0,37,37,37,0.6,0.5,0,1.5,10,1.0,True,24.0,20,0,5,20,1000
0144,124,30,28,30,0.22580645161290322,1.0,0.3684210526315789,0144_con,0144_treat,ce11_1pct,bedA,gcA,150,38,1000000,bowtie2,macs2,broad,1.0,37,37,37,0.6,0.5,0,1.5,10,1.0,True,24.0,20,0,5,20,2500
0145,3,30,3,3,1.0,0.1,0.18181818181818182,0145_con,0145_treat,ce11_1pct,bedA,gcA,150,38,1000000,bowtie2,macs2,broad,1.0,53,53,53,0.6,0.5,0,1.5,10,1.0,True,0.5,5,0,5,20,1000
0146,20,30,20,20,1.0,0.6666666666666666,0.8,0146_con,0146_treat,ce11_1pct,bedA,gcA,150,38,1000000,bowtie2,macs2,broad,1.0,53,53,53,0.6,0.5,0,1.5,10,1.0,True,0.5,5,0,5,20,2500
0147,13,30,12,12,0.9230769230769231,0.4,0.5581395348837209,0147_con,0147_treat,ce11_1pct,bedA,gcA,150,38,1000000,bowtie2,macs2,broad,1.0,53,53,53,0.6,0.5,0,1.5,10,1.0,True,1.0,5,0,5,20,1000
0148,29,30,27,27,0.9310344827586207,0.9,0.9152542372881356,0148_con,0148_treat,ce11_1pct,bedA,gcA,150,38,1000000,bowtie2,macs2,broad,1.0,53,53,53,0.6,0.5,0,1.5,10,1.0,True,1.0,5,0,5,20,2500
0149,22,30,19,19,0.8636363636363636,0.6333333333333333,0.7307692307692307,0149_con,0149_treat,ce11_1pct,bedA,gcA,150,38,1000000,bowtie2,macs2,broad,1.0,53,53,53,0.6,0.5,0,1.5,10,1.0,True,2.0,5,0,5,20,1000
0150,35,30,28,28,0.8,0.9333333333333333,0.8615384615384616,0150_con,0150_treat,ce11_1pct,bedA,gcA,150,38,1000000,bowtie2,macs2,broad,1.0,53,53,53,0.6,0.5,0,1.5,10,1.0,True,2.0,5,0,5,20,2500
0151,63,30,27,27,0.42857142857142855,0.9,0.5806451612903225,0151_con,0151_treat,ce11_1pct,bedA,gcA,150,38,1000000,bowtie2,macs2,broad,1.0,53,53,53,0.6,0.5,0,1.5,10,1.0,True,4.0,5,0,5,20,1000
0152,57,30,29,29,0.5087719298245614,0.9666666666666667,0.6666666666666667,0152_con,0152_treat,ce11_1pct,bedA,gcA,150,38,1000000,bowtie2,macs2,broad,1.0,53,53,53,0.6,0.5,0,1.5,10,1.0,True,4.0,5,0,5,20,2500
0153,63,30,27,27,0.42857142857142855,0.9,0.5806451612903225,0153_con,0153_treat,ce11_1pct,bedA,gcA,150,38,1000000,bowtie2,macs2,broad,1.0,53,53,53,0.6,0.5,0,1.5,10,1.0,True,8.0,5,0,5,20,1000
0154,57,30,29,29,0.5087719298245614,0.9666666666666667,0.6666666666666667,0154_con,0154_treat,ce11_1pct,bedA,gcA,150,38,1000000,bowtie2,macs2,broad,1.0,53,53,53,0.6,0.5,0,1.5,10,1.0,True,8.0,5,0,5,20,2500
0155,63,30,27,27,0.42857142857142855,0.9,0.5806451612903225,0155_con,0155_treat,ce11_1pct,bedA,gcA,150,38,1000000,bowtie2,macs2,broad,1.0,53,53,53,0.6,0.5,0,1.5,10,1.0,True,12.0,5,0,5,20,1000
0156,57,30,29,29,0.5087719298245614,0.9666666666666667,0.6666666666666667,0156_con,0156_treat,ce11_1pct,bedA,gcA,150,38,1000000,bowtie2,macs2,broad,1.0,53,53,53,0.6,0.5,0,1.5,10,1.0,True,12.0,5,0,5,20,2500
0157,63,30,27,27,0.42857142857142855,0.9,0.5806451612903225,0157_con,0157_treat,ce11_1pct,bedA,gcA,150,38,1000000,bowtie2,macs2,broad,1.0,53,53,53,0.6,0.5,0,1.5,10,1.0,True,16.0,5,0,5,20,1000
0158,57,30,29,29,0.5087719298245614,0.9666666666666667,0.6666666666666667,0158_con,0158_treat,ce11_1pct,bedA,gcA,150,38,1000000,bowtie2,macs2,broad,1.0,53,53,53,0.6,0.5,0,1.5,10,1.0,True,16.0,5,0,5,20,2500
0159,63,30,27,27,0.42857142857142855,0.9,0.5806451612903225,0159_con,0159_treat,ce11_1pct,bedA,gcA,150,38,1000000,bowtie2,macs2,broad,1.0,53,53,53,0.6,0.5,0,1.5,10,1.0,True,24.0,5,0,5,20,1000
0160,57,30,29,29,0.5087719298245614,0.9666666666666667,0.6666666666666667,0160_con,0160_treat,ce11_1pct,bedA,gcA,150,38,1000000,bowtie2,macs2,broad,1.0,53,53,53,0.6,0.5,0,1.5,10,1.0,True,24.0,5,0,5,20,2500
0161,3,30,3,3,1.0,0.1,0.18181818181818182,0161_con,0161_treat,ce11_1pct,bedA,gcA,150,38,1000000,bowtie2,macs2,broad,1.0,53,53,53,0.6,0.5,0,1.5,10,1.0,True,0.5,10,0,5,20,1000
0162,20,30,18,18,0.9,0.6,0.7200000000000001,0162_con,0162_treat,ce11_1pct,bedA,gcA,150,38,1000000,bowtie2,macs2,broad,1.0,53,53,53,0.6,0.5,0,1.5,10,1.0,True,0.5,10,0,5,20,2500
0163,14,30,12,12,0.8571428571428571,0.4,0.5454545454545455,0163_con,0163_treat,ce11_1pct,bedA,gcA,150,38,1000000,bowtie2,macs2,broad,1.0,53,53,53,0.6,0.5,0,1.5,10,1.0,True,1.0,10,0,5,20,1000
0164,30,30,28,28,0.9333333333333333,0.9333333333333333,0.9333333333333333,0164_con,0164_treat,ce11_1pct,bedA,gcA,150,38,1000000,bowtie2,macs2,broad,1.0,53,53,53,0.6,0.5,0,1.5,10,1.0,True,1.0,10,0,5,20,2500
0165,24,30,18,18,0.75,0.6,0.6666666666666665,0165_con,0165_treat,ce11_1pct,bedA,gcA,150,38,1000000,bowtie2,macs2,broad,1.0,53,53,53,0.6,0.5,0,1.5,10,1.0,True,2.0,10,0,5,20,1000
0166,32,30,30,30,0.9375,1.0,0.967741935483871,0166_con,0166_treat,ce11_1pct,bedA,gcA,150,38,1000000,bowtie2,macs2,broad,1.0,53,53,53,0.6,0.5,0,1.5,10,1.0,True,2.0,10,0,5,20,2500
0167,65,30,26,26,0.4,0.8666666666666667,0.5473684210526316,0167_con,0167_treat,ce11_1pct,bedA,gcA,150,38,1000000,bowtie2,macs2,broad,1.0,53,53,53,0.6,0.5,0,1.5,10,1.0,True,4.0,10,0,5,20,1000
0168,55,30,30,30,0.5454545454545454,1.0,0.7058823529411764,0168_con,0168_treat,ce11_1pct,bedA,gcA,150,38,1000000,bowtie2,macs2,broad,1.0,53,53,53,0.6,0.5,0,1.5,10,1.0,True,4.0,10,0,5,20,2500
0169,110,30,29,29,0.2636363636363636,0.9666666666666667,0.41428571428571426,0169_con,0169_treat,ce11_1pct,bedA,gcA,150,38,1000000,bowtie2,macs2,broad,1.0,53,53,53,0.6,0.5,0,1.5,10,1.0,True,8.0,10,0,5,20,1000
0170,98,30,30,30,0.30612244897959184,1.0,0.46874999999999994,0170_con,0170_treat,ce11_1pct,bedA,gcA,150,38,1000000,bowtie2,macs2,broad,1.0,53,53,53,0.6,0.5,0,1.5,10,1.0,True,8.0,10,0,5,20,2500
0171,110,30,29,29,0.2636363636363636,0.9666666666666667,0.41428571428571426,0171_con,0171_treat,ce11_1pct,bedA,gcA,150,38,1000000,bowtie2,macs2,broad,1.0,53,53,53,0.6,0.5,0,1.5,10,1.0,True,12.0,10,0,5,20,1000
0172,98,30,30,30,0.30612244897959184,1.0,0.46874999999999994,0172_con,0172_treat,ce11_1pct,bedA,gcA,150,38,1000000,bowtie2,macs2,broad,1.0,53,53,53,0.6,0.5,0,1.5,10,1.0,True,12.0,10,0,5,20,2500
0173,110,30,29,29,0.2636363636363636,0.9666666666666667,0.41428571428571426,0173_con,0173_treat,ce11_1pct,bedA,gcA,150,38,1000000,bowtie2,macs2,broad,1.0,53,53,53,0.6,0.5,0,1.5,10,1.0,True,16.0,10,0,5,20,1000
0174,98,30,30,30,0.30612244897959184,1.0,0.46874999999999994,0174_con,0174_treat,ce11_1pct,bedA,gcA,150,38,1000000,bowtie2,macs2,broad,1.0,53,53,53,0.6,0.5,0,1.5,10,1.0,True,16.0,10,0,5,20,2500
0175,110,30,29,29,0.2636363636363636,0.9666666666666667,0.41428571428571426,0175_con,0175_treat,ce11_1pct,bedA,gcA,150,38,1000000,bowtie2,macs2,broad,1.0,53,53,53,0.6,0.5,0,1.5,10,1.0,True,24.0,10,0,5,20,1000
0176,98,30,30,30,0.30612244897959184,1.0,0.46874999999999994,0176_con,0176_treat,ce11_1pct,bedA,gcA,150,38,1000000,bowtie2,macs2,broad,1.0,53,53,53,0.6,0.5,0,1.5,10,1.0,True,24.0,10,0,5,20,2500
0177,3,30,3,3,1.0,0.1,0.18181818181818182,0177_con,0177_treat,ce11_1pct,bedA,gcA,150,38,1000000,bowtie2,macs2,broad,1.0,53,53,53,0.6,0.5,0,1.5,10,1.0,True,0.5,20,0,5,20,1000
0178,24,30,21,21,0.875,0.7,0.7777777777777777,0178_con,0178_treat,ce11_1pct,bedA,gcA,150,38,1000000,bowtie2,macs2,broad,1.0,53,53,53,0.6,0.5,0,1.5,10,1.0,True,0.5,20,0,5,20,2500
0179,13,30,12,12,0.9230769230769231,0.4,0.5581395348837209,0179_con,0179_treat,ce11_1pct,bedA,gcA,150,38,1000000,bowtie2,macs2,broad,1.0,53,53,53,0.6,0.5,0,1.5,10,1.0,True,1.0,20,0,5,20,1000
0180,30,30,28,28,0.9333333333333333,0.9333333333333333,0.9333333333333333,0180_con,0180_treat,ce11_1pct,bedA,gcA,150,38,1000000,bowtie2,macs2,broad,1.0,53,53,53,0.6,0.5,0,1.5,10,1.0,True,1.0,20,0,5,20,2500
0181,23,30,21,21,0.9130434782608695,0.7,0.7924528301886793,0181_con,0181_treat,ce11_1pct,bedA,gcA,150,38,1000000,bowtie2,macs2,broad,1.0,53,53,53,0.6,0.5,0,1.5,10,1.0,True,2.0,20,0,5,20,1000
0182,32,30,30,30,0.9375,1.0,0.967741935483871,0182_con,0182_treat,ce11_1pct,bedA,gcA,150,38,1000000,bowtie2,macs2,broad,1.0,53,53,53,0.6,0.5,0,1.5,10,1.0,True,2.0,20,0,5,20,2500
0183,50,30,28,28,0.56,0.9333333333333333,0.7000000000000001,0183_con,0183_treat,ce11_1pct,bedA,gcA,150,38,1000000,bowtie2,macs2,broad,1.0,53,53,53,0.6,0.5,0,1.5,10,1.0,True,4.0,20,0,5,20,1000
0184,42,30,30,30,0.7142857142857143,1.0,0.8333333333333333,0184_con,0184_treat,ce11_1pct,bedA,gcA,150,38,1000000,bowtie2,macs2,broad,1.0,53,53,53,0.6,0.5,0,1.5,10,1.0,True,4.0,20,0,5,20,2500
0185,119,30,29,29,0.24369747899159663,0.9666666666666667,0.38926174496644295,0185_con,0185_treat,ce11_1pct,bedA,gcA,150,38,1000000,bowtie2,macs2,broad,1.0,53,53,53,0.6,0.5,0,1.5,10,1.0,True,8.0,20,0,5,20,1000
0186,98,30,30,30,0.30612244897959184,1.0,0.46874999999999994,0186_con,0186_treat,ce11_1pct,bedA,gcA,150,38,1000000,bowtie2,macs2,broad,1.0,53,53,53,0.6,0.5,0,1.5,10,1.0,True,8.0,20,0,5,20,2500
0187,148,30,30,30,0.20270270270270271,1.0,0.3370786516853933,0187_con,0187_treat,ce11_1pct,bedA,gcA,150,38,1000000,bowtie2,macs2,broad,1.0,53,53,53,0.6,0.5,0,1.5,10,1.0,True,12.0,20,0,5,20,1000
0188,124,30,30,30,0.24193548387096775,1.0,0.38961038961038963,0188_con,0188_treat,ce11_1pct,bedA,gcA,150,38,1000000,bowtie2,macs2,broad,1.0,53,53,53,0.6,0.5,0,1.5,10,1.0,True,12.0,20,0,5,20,2500
0189,148,30,30,30,0.20270270270270271,1.0,0.3370786516853933,0189_con,0189_treat,ce11_1pct,bedA,gcA,150,38,1000000,bowtie2,macs2,broad,1.0,53,53,53,0.6,0.5,0,1.5,10,1.0,True,16.0,20,0,5,20,1000
0190,124,30,30,30,0.24193548387096775,1.0,0.38961038961038963,0190_con,0190_treat,ce11_1pct,bedA,gcA,150,38,1000000,bowtie2,macs2,broad,1.0,53,53,53,0.6,0.5,0,1.5,10,1.0,True,16.0,20,0,5,20,2500
0191,148,30,30,30,0.20270270270270271,1.0,0.3370786516853933,0191_con,0191_treat,ce11_1pct,bedA,gcA,150,38,1000000,bowtie2,macs2,broad,1.0,53,53,53,0.6,0.5,0,1.5,10,1.0,True,24.0,20,0,5,20,1000
0192,124,30,30,30,0.24193548387096775,1.0,0.38961038961038963,0192_con,0192_treat,ce11_1pct,bedA,gcA,150,38,1000000,bowtie2,macs2,broad,1.0,53,53,53,0.6,0.5,0,1.5,10,1.0,True,24.0,20,0,5,20,2500
0193,1,30,1,1,1.0,0.03333333333333333,0.06451612903225806,0193_con,0193_treat,ce11_1pct,bedA,gcA,150,38,1000000,bowtie2,macs2,broad,1.0,71,71,71,0.6,0.5,0,1.5,10,1.0,True,0.5,5,0,5,20,1000
0194,27,30,24,24,0.8888888888888888,0.8,0.8421052631578948,0194_con,0194_treat,ce11_1pct,bedA,gcA,150,38,1000000,bowtie2,macs2,broad,1.0,71,71,71,0.6,0.5,0,1.5,10,1.0,True,0.5,5,0,5,20,2500
0195,18,30,15,15,0.8333333333333334,0.5,0.625,0195_con,0195_treat,ce11_1pct,bedA,gcA,150,38,1000000,bowtie2,macs2,broad,1.0,71,71,71,0.6,0.5,0,1.5,10,1.0,True,1.0,5,0,5,20,1000
0196,30,30,26,27,0.8666666666666667,0.9,0.8830188679245283,0196_con,0196_treat,ce11_1pct,bedA,gcA,150,38,1000000,bowtie2,macs2,broad,1.0,71,71,71,0.6,0.5,0,1.5,10,1.0,True,1.0,5,0,5,20,2500
0197,29,30,22,23,0.7586206896551724,0.7666666666666667,0.7626224566691785,0197_con,0197_treat,ce11_1pct,bedA,gcA,150,38,1000000,bowtie2,macs2,broad,1.0,71,71,71,0.6,0.5,0,1.5,10,1.0,True,2.0,5,0,5,20,1000
0198,34,30,27,28,0.7941176470588235,0.9333333333333333,0.858115777525539,0198_con,0198_treat,ce11_1pct,bedA,gcA,150,38,1000000,bowtie2,macs2,broad,1.0,71,71,71,0.6,0.5,0,1.5,10,1.0,True,2.0,5,0,5,20,2500
0199,65,30,24,25,0.36923076923076925,0.8333333333333334,0.5117270788912579,0199_con,0199_treat,ce11_1pct,bedA,gcA,150,38,1000000,bowtie2,macs2,broad,1.0,71,71,71,0.6,0.5,0,1.5,10,1.0,True,4.0,5,0,5,20,1000
0200,53,30,29,30,0.5471698113207547,1.0,0.7073170731707317,0200_con,0200_treat,ce11_1pct,bedA,gcA,150,38,1000000,bowtie2,macs2,broad,1.0,71,71,71,0.6,0.5,0,1.5,10,1.0,True,4.0,5,0,5,20,2500
0201,65,30,24,25,0.36923076923076925,0.8333333333333334,0.5117270788912579,0201_con,0201_treat,ce11_1pct,bedA,gcA,150,38,1000000,bowtie2,macs2,broad,1.0,71,71,71,0.6,0.5,0,1.5,10,1.0,True,8.0,5,0,5,20,1000
0202,53,30,29,30,0.5471698113207547,1.0,0.7073170731707317,0202_con,0202_treat,ce11_1pct,bedA,gcA,150,38,1000000,bowtie2,macs2,broad,1.0,71,71,71,0.6,0.5,0,1.5,10,1.0,True,8.0,5,0,5,20,2500
0203,65,30,24,25,0.36923076923076925,0.8333333333333334,0.5117270788912579,0203_con,0203_treat,ce11_1pct,bedA,gcA,150,38,1000000,bowtie2,macs2,broad,1.0,71,71,71,0.6,0.5,0,1.5,10,1.0,True,12.0,5,0,5,20,1000
0204,53,30,29,30,0.5471698113207547,1.0,0.7073170731707317,0204_con,0204_treat,ce11_1pct,bedA,gcA,150,38,1000000,bowtie2,macs2,broad,1.0,71,71,71,0.6,0.5,0,1.5,10,1.0,True,12.0,5,0,5,20,2500
0205,65,30,24,25,0.36923076923076925,0.8333333333333334,0.5117270788912579,0205_con,0205_treat,ce11_1pct,bedA,gcA,150,38,1000000,bowtie2,macs2,broad,1.0,71,71,71,0.6,0.5,0,1.5,10,1.0,True,16.0,5,0,5,20,1000
0206,53,30,29,30,0.5471698113207547,1.0,0.7073170731707317,0206_con,0206_treat,ce11_1pct,bedA,gcA,150,38,1000000,bowtie2,macs2,broad,1.0,71,71,71,0.6,0.5,0,1.5,10,1.0,True,16.0,5,0,5,20,2500
0207,65,30,24,25,0.36923076923076925,0.8333333333333334,0.5117270788912579,0207_con,0207_treat,ce11_1pct,bedA,gcA,150,38,1000000,bowtie2,macs2,broad,1.0,71,71,71,0.6,0.5,0,1.5,10,1.0,True,24.0,5,0,5,20,1000
0208,53,30,29,30,0.5471698113207547,1.0,0.7073170731707317,0208_con,0208_treat,ce11_1pct,bedA,gcA,150,38,1000000,bowtie2,macs2,broad,1.0,71,71,71,0.6,0.5,0,1.5,10,1.0,True,24.0,5,0,5,20,2500
0209,1,30,1,1,1.0,0.03333333333333333,0.06451612903225806,0209_con,0209_treat,ce11_1pct,bedA,gcA,150,38,1000000,bowtie2,macs2,broad,1.0,71,71,71,0.6,0.5,0,1.5,10,1.0,True,0.5,10,0,5,20,1000
0210,26,30,23,24,0.8846153846153846,0.8,0.8401826484018265,0210_con,0210_treat,ce11_1pct,bedA,gcA,150,38,1000000,bowtie2,macs2,broad,1.0,71,71,71,0.6,0.5,0,1.5,10,1.0,True,0.5,10,0,5,20,2500
0211,16,30,15,16,0.9375,0.5333333333333333,0.6798866855524079,0211_con,0211_treat,ce11_1pct,bedA,gcA,150,38,1000000,bowtie2,macs2,broad,1.0,71,71,71,0.6,0.5,0,1.5,10,1.0,True,1.0,10,0,5,20,1000
0212,30,30,28,29,0.9333333333333333,0.9666666666666667,0.9497076023391814,0212_con,0212_treat,ce11_1pct,bedA,gcA,150,38,1000000,bowtie2,macs2,broad,1.0,71,71,71,0.6,0.5,0,1.5,10,1.0,True,1.0,10,0,5,20,2500
0213,25,30,22,23,0.88,0.7666666666666667,0.8194331983805668,0213_con,0213_treat,ce11_1pct,bedA,gcA,150,38,1000000,bowtie2,macs2,broad,1.0,71,71,71,0.6,0.5,0,1.5,10,1.0,True,2.0,10,0,5,20,1000
0214,31,30,28,29,0.9032258064516129,0.9666666666666667,0.9338700402530189,0214_con,0214_treat,ce11_1pct,bedA,gcA,150,38,1000000,bowtie2,macs2,broad,1.0,71,71,71,0.6,0.5,0,1.5,10,1.0,True,2.0,10,0,5,20,2500
0215,67,30,28,29,0.417910447761194,0.9666666666666667,0.5835429392741646,0215_con,0215_treat,ce11_1pct,bedA,gcA,150,38,1000000,bowtie2,macs2,broad,1.0,71,71,71,0.6,0.5,0,1.5,10,1.0,True,4.0,10,0,5,20,1000
0216,52,30,29,30,0.5576923076923077,1.0,0.7160493827160493,0216_con,0216_treat,ce11_1pct,bedA,gcA,150,38,1000000,bowtie2,macs2,broad,1.0,71,71,71,0.6,0.5,0,1.5,10,1.0,True,4.0,10,0,5,20,2500
0217,109,30,29,30,0.26605504587155965,1.0,0.4202898550724638,0217_con,0217_treat,ce11_1pct,bedA,gcA,150,38,1000000,bowtie2,macs2,broad,1.0,71,71,71,0.6,0.5,0,1.5,10,1.0,True,8.0,10,0,5,20,1000
0218,104,30,29,30,0.27884615384615385,1.0,0.4360902255639098,0218_con,0218_treat,ce11_1pct,bedA,gcA,150,38,1000000,bowtie2,macs2,broad,1.0,71,71,71,0.6,0.5,0,1.5,10,1.0,True,8.0,10,0,5,20,2500
0219,109,30,29,30,0.26605504587155965,1.0,0.4202898550724638,0219_con,0219_treat,ce11_1pct,bedA,gcA,150,38,1000000,bowtie2,macs2,broad,1.0,71,71,71,0.6,0.5,0,1.5,10,1.0,True,12.0,10,0,5,20,1000
0220,104,30,29,30,0.27884615384615385,1.0,0.4360902255639098,0220_con,0220_treat,ce11_1pct,bedA,gcA,150,38,1000000,bowtie2,macs2,broad,1.0,71,71,71,0.6,0.5,0,1.5,10,1.0,True,12.0,10,0,5,20,2500
0221,109,30,29,30,0.26605504587155965,1.0,0.4202898550724638,0221_con,0221_treat,ce11_1pct,bedA,gcA,150,38,1000000,bowtie2,macs2,broad,1.0,71,71,71,0.6,0.5,0,1.5,10,1.0,True,16.0,10,0,5,20,1000
0222,104,30,29,30,0.27884615384615385,1.0,0.4360902255639098,0222_con,0222_treat,ce11_1pct,bedA,gcA,150,38,1000000,bowtie2,macs2,broad,1.0,71,71,71,0.6,0.5,0,1.5,10,1.0,True,16.0,10,0,5,20,2500
0223,109,30,29,30,0.26605504587155965,1.0,0.4202898550724638,0223_con,0223_treat,ce11_1pct,bedA,gcA,150,38,1000000,bowtie2,macs2,broad,1.0,71,71,71,0.6,0.5,0,1.5,10,1.0,True,24.0,10,0,5,20,1000
0224,104,30,29,30,0.27884615384615385,1.0,0.4360902255639098,0224_con,0224_treat,ce11_1pct,bedA,gcA,150,38,1000000,bowtie2,macs2,broad,1.0,71,71,71,0.6,0.5,0,1.5,10,1.0,True,24.0,10,0,5,20,2500
0225,1,30,1,1,1.0,0.03333333333333333,0.06451612903225806,0225_con,0225_treat,ce11_1pct,bedA,gcA,150,38,1000000,bowtie2,macs2,broad,1.0,71,71,71,0.6,0.5,0,1.5,10,1.0,True,0.5,20,0,5,20,1000
0226,27,30,24,25,0.8888888888888888,0.8333333333333334,0.8602150537634408,0226_con,0226_treat,ce11_1pct,bedA,gcA,150,38,1000000,bowtie2,macs2,broad,1.0,71,71,71,0.6,0.5,0,1.5,10,1.0,True,0.5,20,0,5,20,2500
0227,18,30,16,16,0.8888888888888888,0.5333333333333333,0.6666666666666667,0227_con,0227_treat,ce11_1pct,bedA,gcA,150,38,1000000,bowtie2,macs2,broad,1.0,71,71,71,0.6,0.5,0,1.5,10,1.0,True,1.0,20,0,5,20,1000
0228,30,30,28,29,0.9333333333333333,0.9666666666666667,0.9497076023391814,0228_con,0228_treat,ce11_1pct,bedA,gcA,150,38,1000000,bowtie2,macs2,broad,1.0,71,71,71,0.6,0.5,0,1.5,10,1.0,True,1.0,20,0,5,20,2500
0229,28,30,23,24,0.8214285714285714,0.8,0.8105726872246696,0229_con,0229_treat,ce11_1pct,bedA,gcA,150,38,1000000,bowtie2,macs2,broad,1.0,71,71,71,0.6,0.5,0,1.5,10,1.0,True,2.0,20,0,5,20,1000
0230,31,30,29,30,0.9354838709677419,1.0,0.9666666666666666,0230_con,0230_treat,ce11_1pct,bedA,gcA,150,38,1000000,bowtie2,macs2,broad,1.0,71,71,71,0.6,0.5,0,1.5,10,1.0,True,2.0,20,0,5,20,2500
0231,46,30,27,28,0.5869565217391305,0.9333333333333333,0.7206863679694947,0231_con,0231_treat,ce11_1pct,bedA,gcA,150,38,1000000,bowtie2,macs2,broad,1.0,71,71,71,0.6,0.5,0,1.5,10,1.0,True,4.0,20,0,5,20,1000
0232,42,30,29,30,0.6904761904761905,1.0,0.8169014084507042,0232_con,0232_treat,ce11_1pct,bedA,gcA,150,38,1000000,bowtie2,macs2,broad,1.0,71,71,71,0.6,0.5,0,1.5,10,1.0,True,4.0,20,0,5,20,2500
0233,125,30,29,30,0.232,1.0,0.37662337662337664,0233_con,0233_treat,ce11_1pct,bedA,gcA,150,38,1000000,bowtie2,macs2,broad,1.0,71,71,71,0.6,0.5,0,1.5,10,1.0,True,8.0,20,0,5,20,1000
0234,115,30,29,30,0.25217391304347825,1.0,0.4027777777777778,0234_con,0234_treat,ce11_1pct,bedA,gcA,150,38,1000000,bowtie2,macs2,broad,1.0,71,71,71,0.6,0.5,0,1.5,10,1.0,True,8.0,20,0,5,20,2500
0235,163,30,29,30,0.17791411042944785,1.0,0.3020833333333333,0235_con,0235_treat,ce11_1pct,bedA,gcA,150,38,1000000,bowtie2,macs2,broad,1.0,71,71,71,0.6,0.5,0,1.5,10,1.0,True,12.0,20,0,5,20,1000
0236,139,30,29,30,0.20863309352517986,1.0,0.34523809523809523,0236_con,0236_treat,ce11_1pct,bedA,gcA,150,38,1000000,bowtie2,macs2,broad,1.0,71,71,71,0.6,0.5,0,1.5,10,1.0,True,12.0,20,0,5,20,2500
0237,163,30,29,30,0.17791411042944785,1.0,0.3020833333333333,0237_con,0237_treat,ce11_1pct,bedA,gcA,150,38,1000000,bowtie2,macs2,broad,1.0,71,71,71,0.6,0.5,0,1.5,10,1.0,True,16.0,20,0,5,20,1000
0238,139,30,29,30,0.20863309352517986,1.0,0.34523809523809523,0238_con,0238_treat,ce11_1pct,bedA,gcA,150,38,1000000,bowtie2,macs2,broad,1.0,71,71,71,0.6,0.5,0,1.5,10,1.0,True,16.0,20,0,5,20,2500
0239,163,30,29,30,0.17791411042944785,1.0,0.3020833333333333,0239_con,0239_treat,ce11_1pct,bedA,gcA,150,38,1000000,bowtie2,macs2,broad,1.0,71,71,71,0.6,0.5,0,1.5,10,1.0,True,24.0,20,0,5,20,1000
0240,139,30,29,30,0.20863309352517986,1.0,0.34523809523809523,0240_con,0240_treat,ce11_1pct,bedA,gcA,150,38,1000000,bowtie2,macs2,broad,1.0,71,71,71,0.6,0.5,0,1.5,10,1.0,True,24.0,20,0,5,20,2500
0241,1,30,1,1,1.0,0.03333333333333333,0.06451612903225806,0241_con,0241_treat,ce11_1pct,bedA,gcA,150,38,1000000,bowtie2,macs2,broad,1.0,89,89,89,0.6,0.5,0,1.5,10,1.0,True,0.5,5,0,5,20,1000
0242,25,30,25,26,1.0,0.8666666666666667,0.9285714285714286,0242_con,0242_treat,ce11_1pct,bedA,gcA,150,38,1000000,bowtie2,macs2,broad,1.0,89,89,89,0.6,0.5,0,1.5,10,1.0,True,0.5,5,0,5,20,2500
0243,20,30,17,17,0.85,0.5666666666666667,0.68,0243_con,0243_treat,ce11_1pct,bedA,gcA,150,38,1000000,bowtie2,macs2,broad,1.0,89,89,89,0.6,0.5,0,1.5,10,1.0,True,1.0,5,0,5,20,1000
0244,29,30,28,29,0.9655172413793104,0.9666666666666667,0.9660916121356335,0244_con,0244_treat,ce11_1pct,bedA,gcA,150,38,1000000,bowtie2,macs2,broad,1.0,89,89,89,0.6,0.5,0,1.5,10,1.0,True,1.0,5,0,5,20,2500
0245,39,30,23,24,0.5897435897435898,0.8,0.6789667896678968,0245_con,0245_treat,ce11_1pct,bedA,gcA,150,38,1000000,bowtie2,macs2,broad,1.0,89,89,89,0.6,0.5,0,1.5,10,1.0,True,2.0,5,0,5,20,1000
0246,42,30,29,30,0.6904761904761905,1.0,0.8169014084507042,0246_con,0246_treat,ce11_1pct,bedA,gcA,150,38,1000000,bowtie2,macs2,broad,1.0,89,89,89,0.6,0.5,0,1.5,10,1.0,True,2.0,5,0,5,20,2500
0247,62,30,25,26,0.4032258064516129,0.8666666666666667,0.5503810330228619,0247_con,0247_treat,ce11_1pct,bedA,gcA,150,38,1000000,bowtie2,macs2,broad,1.0,89,89,89,0.6,0.5,0,1.5,10,1.0,True,4.0,5,0,5,20,1000
0248,64,30,29,30,0.453125,1.0,0.6236559139784946,0248_con,0248_treat,ce11_1pct,bedA,gcA,150,38,1000000,bowtie2,macs2,broad,1.0,89,89,89,0.6,0.5,0,1.5,10,1.0,True,4.0,5,0,5,20,2500
0249,62,30,25,26,0.4032258064516129,0.8666666666666667,0.5503810330228619,0249_con,0249_treat,ce11_1pct,bedA,gcA,150,38,1000000,bowtie2,macs2,broad,1.0,89,89,89,0.6,0.5,0,1.5,10,1.0,True,8.0,5,0,5,20,1000
0250,64,30,29,30,0.453125,1.0,0.6236559139784946,0250_con,0250_treat,ce11_1pct,bedA,gcA,150,38,1000000,bowtie2,macs2,broad,1.0,89,89,89,0.6,0.5,0,1.5,10,1.0,True,8.0,5,0,5,20,2500
0251,62,30,25,26,0.4032258064516129,0.8666666666666667,0.5503810330228619,0251_con,0251_treat,ce11_1pct,bedA,gcA,150,38,1000000,bowtie2,macs2,broad,1.0,89,89,89,0.6,0.5,0,1.5,10,1.0,True,12.0,5,0,5,20,1000
0252,64,30,29,30,0.453125,1.0,0.6236559139784946,0252_con,0252_treat,ce11_1pct,bedA,gcA,150,38,1000000,bowtie2,macs2,broad,1.0,89,89,89,0.6,0.5,0,1.5,10,1.0,True,12.0,5,0,5,20,2500
0253,62,30,25,26,0.4032258064516129,0.8666666666666667,0.5503810330228619,0253_con,0253_treat,ce11_1pct,bedA,gcA,150,38,1000000,bowtie2,macs2,broad,1.0,89,89,89,0.6,0.5,0,1.5,10,1.0,True,16.0,5,0,5,20,1000
0254,64,30,29,30,0.453125,1.0,0.6236559139784946,0254_con,0254_treat,ce11_1pct,bedA,gcA,150,38,1000000,bowtie2,macs2,broad,1.0,89,89,89,0.6,0.5,0,1.5,10,1.0,True,16.0,5,0,5,20,2500
0255,62,30,25,26,0.4032258064516129,0.8666666666666667,0.5503810330228619,0255_con,0255_treat,ce11_1pct,bedA,gcA,150,38,1000000,bowtie2,macs2,broad,1.0,89,89,89,0.6,0.5,0,1.5,10,1.0,True,24.0,5,0,5,20,1000
0256,64,30,29,30,0.453125,1.0,0.6236559139784946,0256_con,0256_treat,ce11_1pct,bedA,gcA,150,38,1000000,bowtie2,macs2,broad,1.0,89,89,89,0.6,0.5,0,1.5,10,1.0,True,24.0,5,0,5,20,2500
0257,0,30,0,0,0.0,0.0,0.0,0257_con,0257_treat,ce11_1pct,bedA,gcA,150,38,1000000,bowtie2,macs2,broad,1.0,89,89,89,0.6,0.5,0,1.5,10,1.0,True,0.5,10,0,5,20,1000
0258,27,30,26,27,0.9629629629629629,0.9,0.930417495029821,0258_con,0258_treat,ce11_1pct,bedA,gcA,150,38,1000000,bowtie2,macs2,broad,1.0,89,89,89,0.6,0.5,0,1.5,10,1.0,True,0.5,10,0,5,20,2500
0259,15,30,11,12,0.7333333333333333,0.4,0.5176470588235295,0259_con,0259_treat,ce11_1pct,bedA,gcA,150,38,1000000,bowtie2,macs2,broad,1.0,89,89,89,0.6,0.5,0,1.5,10,1.0,True,1.0,10,0,5,20,1000
0260,30,30,29,30,0.9666666666666667,1.0,0.983050847457627,0260_con,0260_treat,ce11_1pct,bedA,gcA,150,38,1000000,bowtie2,macs2,broad,1.0,89,89,89,0.6,0.5,0,1.5,10,1.0,True,1.0,10,0,5,20,2500
0261,27,30,24,25,0.8888888888888888,0.8333333333333334,0.8602150537634408,0261_con,0261_treat,ce11_1pct,bedA,gcA,150,38,1000000,bowtie2,macs2,broad,1.0,89,89,89,0.6,0.5,0,1.5,10,1.0,True,2.0,10,0,5,20,1000
0262,31,30,29,30,0.9354838709677419,1.0,0.9666666666666666,0262_con,0262_treat,ce11_1pct,bedA,gcA,150,38,1000000,bowtie2,macs2,broad,1.0,89,89,89,0.6,0.5,0,1.5,10,1.0,True,2.0,10,0,5,20,2500
0263,65,30,28,29,0.4307692307692308,0.9666666666666667,0.5959633027522936,0263_con,0263_treat,ce11_1pct,bedA,gcA,150,38,1000000,bowtie2,macs2,broad,1.0,89,89,89,0.6,0.5,0,1.5,10,1.0,True,4.0,10,0,5,20,1000
0264,55,30,29,30,0.5272727272727272,1.0,0.6904761904761904,0264_con,0264_treat,ce11_1pct,bedA,gcA,150,38,1000000,bowtie2,macs2,broad,1.0,89,89,89,0.6,0.5,0,1.5,10,1.0,True,4.0,10,0,5,20,2500
0265,112,30,28,29,0.25,0.9666666666666667,0.3972602739726027,0265_con,0265_treat,ce11_1pct,bedA,gcA,150,38,1000000,bowtie2,macs2,broad,1.0,89,89,89,0.6,0.5,0,1.5,10,1.0,True,8.0,10,0,5,20,1000
0266,90,30,29,30,0.32222222222222224,1.0,0.4873949579831933,0266_con,0266_treat,ce11_1pct,bedA,gcA,150,38,1000000,bowtie2,macs2,broad,1.0,89,89,89,0.6,0.5,0,1.5,10,1.0,True,8.0,10,0,5,20,2500
0267,112,30,28,29,0.25,0.9666666666666667,0.3972602739726027,0267_con,0267_treat,ce11_1pct,bedA,gcA,150,38,1000000,bowtie2,macs2,broad,1.0,89,89,89,0.6,0.5,0,1.5,10,1.0,True,12.0,10,0,5,20,1000
0268,90,30,29,30,0.32222222222222224,1.0,0.4873949579831933,0268_con,0268_treat,ce11_1pct,bedA,gcA,150,38,1000000,bowtie2,macs2,broad,1.0,89,89,89,0.6,0.5,0,1.5,10,1.0,True,12.0,10,0,5,20,2500
0269,112,30,28,29,0.25,0.9666666666666667,0.3972602739726027,0269_con,0269_treat,ce11_1pct,bedA,gcA,150,38,1000000,bowtie2,macs2,broad,1.0,89,89,89,0.6,0.5,0,1.5,10,1.0,True,16.0,10,0,5,20,1000
0270,90,30,29,30,0.32222222222222224,1.0,0.4873949579831933,0270_con,0270_treat,ce11_1pct,bedA,gcA,150,38,1000000,bowtie2,macs2,broad,1.0,89,89,89,0.6,0.5,0,1.5,10,1.0,True,16.0,10,0,5,20,2500
0271,112,30,28,29,0.25,0.9666666666666667,0.3972602739726027,0271_con,0271_treat,ce11_1pct,bedA,gcA,150,38,1000000,bowtie2,macs2,broad,1.0,89,89,89,0.6,0.5,0,1.5,10,1.0,True,24.0,10,0,5,20,1000
0272,90,30,29,30,0.32222222222222224,1.0,0.4873949579831933,0272_con,0272_treat,ce11_1pct,bedA,gcA,150,38,1000000,bowtie2,macs2,broad,1.0,89,89,89,0.6,0.5,0,1.5,10,1.0,True,24.0,10,0,5,20,2500
0273,0,30,0,0,0.0,0.0,0.0,0273_con,0273_treat,ce11_1pct,bedA,gcA,150,38,1000000,bowtie2,macs2,broad,1.0,89,89,89,0.6,0.5,0,1.5,10,1.0,True,0.5,20,0,5,20,1000
0274,27,30,26,27,0.9629629629629629,0.9,0.930417495029821,0274_con,0274_treat,ce11_1pct,bedA,gcA,150,38,1000000,bowtie2,macs2,broad,1.0,89,89,89,0.6,0.5,0,1.5,10,1.0,True,0.5,20,0,5,20,2500
0275,18,30,14,15,0.7777777777777778,0.5,0.6086956521739131,0275_con,0275_treat,ce11_1pct,bedA,gcA,150,38,1000000,bowtie2,macs2,broad,1.0,89,89,89,0.6,0.5,0,1.5,10,1.0,True,1.0,20,0,5,20,1000
0276,30,30,29,30,0.9666666666666667,1.0,0.983050847457627,0276_con,0276_treat,ce11_1pct,bedA,gcA,150,38,1000000,bowtie2,macs2,broad,1.0,89,89,89,0.6,0.5,0,1.5,10,1.0,True,1.0,20,0,5,20,2500
0277,25,30,24,25,0.96,0.8333333333333334,0.8921933085501859,0277_con,0277_treat,ce11_1pct,bedA,gcA,150,38,1000000,bowtie2,macs2,broad,1.0,89,89,89,0.6,0.5,0,1.5,10,1.0,True,2.0,20,0,5,20,1000
0278,30,30,29,30,0.9666666666666667,1.0,0.983050847457627,0278_con,0278_treat,ce11_1pct,bedA,gcA,150,38,1000000,bowtie2,macs2,broad,1.0,89,89,89,0.6,0.5,0,1.5,10,1.0,True,2.0,20,0,5,20,2500
0279,47,30,29,30,0.6170212765957447,1.0,0.763157894736842,0279_con,0279_treat,ce11_1pct,bedA,gcA,150,38,1000000,bowtie2,macs2,broad,1.0,89,89,89,0.6,0.5,0,1.5,10,1.0,True,4.0,20,0,5,20,1000
0280,33,30,29,30,0.8787878787878788,1.0,0.9354838709677419,0280_con,0280_treat,ce11_1pct,bedA,gcA,150,38,1000000,bowtie2,macs2,broad,1.0,89,89,89,0.6,0.5,0,1.5,10,1.0,True,4.0,20,0,5,20,2500
0281,124,30,29,30,0.23387096774193547,1.0,0.3790849673202614,0281_con,0281_treat,ce11_1pct,bedA,gcA,150,38,1000000,bowtie2,macs2,broad,1.0,89,89,89,0.6,0.5,0,1.5,10,1.0,True,8.0,20,0,5,20,1000
0282,114,30,29,30,0.2543859649122807,1.0,0.40559440559440557,0282_con,0282_treat,ce11_1pct,bedA,gcA,150,38,1000000,bowtie2,macs2,broad,1.0,89,89,89,0.6,0.5,0,1.5,10,1.0,True,8.0,20,0,5,20,2500
0283,153,30,29,30,0.1895424836601307,1.0,0.31868131868131866,0283_con,0283_treat,ce11_1pct,bedA,gcA,150,38,1000000,bowtie2,macs2,broad,1.0,89,89,89,0.6,0.5,0,1.5,10,1.0,True,12.0,20,0,5,20,1000
0284,134,30,29,30,0.21641791044776118,1.0,0.35582822085889565,0284_con,0284_treat,ce11_1pct,bedA,gcA,150,38,1000000,bowtie2,macs2,broad,1.0,89,89,89,0.6,0.5,0,1.5,10,1.0,True,12.0,20,0,5,20,2500
0285,153,30,29,30,0.1895424836601307,1.0,0.31868131868131866,0285_con,0285_treat,ce11_1pct,bedA,gcA,150,38,1000000,bowtie2,macs2,broad,1.0,89,89,89,0.6,0.5,0,1.5,10,1.0,True,16.0,20,0,5,20,1000
0286,134,30,29,30,0.21641791044776118,1.0,0.35582822085889565,0286_con,0286_treat,ce11_1pct,bedA,gcA,150,38,1000000,bowtie2,macs2,broad,1.0,89,89,89,0.6,0.5,0,1.5,10,1.0,True,16.0,20,0,5,20,2500
0287,153,30,29,30,0.1895424836601307,1.0,0.31868131868131866,0287_con,0287_treat,ce11_1pct,bedA,gcA,150,38,1000000,bowtie2,macs2,broad,1.0,89,89,89,0.6,0.5,0,1.5,10,1.0,True,24.0,20,0,5,20,1000
0288,134,30,29,30,0.21641791044776118,1.0,0.35582822085889565,0288_con,0288_treat,ce11_1pct,bedA,gcA,150,38,1000000,bowtie2,macs2,broad,1.0,89,89,89,0.6,0.5,0,1.5,10,1.0,True,24.0,20,0,5,20,2500
